{
  "bodyTypeName": "male",
  "url": "https://liberatedpixelcup.github.io/Universal-LPC-Spritesheet-Character-Generator/#?body=Body_color_light&head=Human_male_light&shadow=Shadow_shadow&hair=Plain_blonde&beard=Basic_Beard_blonde&clothes=none_Longsleeve&overalls=Overalls_black&bandages=none_Bandages&apron=none_Apron&vest=none_Vest&armour=none_Plate&shoes=Basic_Shoes_black&weapon=Smash_axe&ammo=none_Ammo",
  "spritesheets": "https://liberatedpixelcup.github.io/Universal-LPC-Spritesheet-Character-Generator/spritesheets/",
  "version": 1,
  "datetime": "18/06/2025, 20:19:04",
  "credits": [
    {
      "fileName": "shadow/adult/shadow.png",
      "licenses": "CC0",
      "authors": "drjamgo@hotmail.com",
      "urls": "https://opengameart.org/content/shadow-for-lpc-sprite",
      "notes": ""
    },
    {
      "fileName": "body/bodies/male/light.png",
      "licenses": "OGA-BY 3.0,CC-BY-SA 3.0,GPL 3.0",
      "authors": "bluecarrot16,JaidynReiman,Benjamin K. Smith (BenCreating),Evert,Eliza Wyatt (ElizaWy),TheraHedwig,MuffinElZangano,Durrani,Johannes Sjölund (wulax),Stephen Challener (Redshrike)",
      "urls": "https://opengameart.org/content/liberated-pixel-cup-lpc-base-assets-sprites-map-tiles,https://opengameart.org/content/lpc-medieval-fantasy-character-sprites,https://opengameart.org/content/lpc-male-jumping-animation-by-durrani,https://opengameart.org/content/lpc-runcycle-and-diagonal-walkcycle,https://opengameart.org/content/lpc-revised-character-basics,https://opengameart.org/content/lpc-be-seated,https://opengameart.org/content/lpc-runcycle-for-male-muscular-and-pregnant-character-bases-with-modular-heads,https://opengameart.org/content/lpc-jump-expanded,https://opengameart.org/content/lpc-character-bases",
      "notes": "see details at https://opengameart.org/content/lpc-character-bases; 'Thick' Male Revised Run/Climb by JaidynReiman (based on ElizaWy's LPC Revised)"
    },
    {
      "fileName": "head/heads/human/male/light.png",
      "licenses": "OGA-BY 3.0,CC-BY-SA 3.0,GPL 3.0",
      "authors": "bluecarrot16,Benjamin K. Smith (BenCreating),Stephen Challener (Redshrike)",
      "urls": "https://opengameart.org/content/liberated-pixel-cup-lpc-base-assets-sprites-map-tiles,https://opengameart.org/content/lpc-character-bases",
      "notes": "original head by Redshrike, tweaks by BenCreating, modular version by bluecarrot16"
    },
    {
      "fileName": "beards/beard/basic/blonde.png",
      "licenses": "CC-BY-SA 3.0,GPL 3.0",
      "authors": "JaidynReiman,Carlo Enrico Victoria (Nemisys)",
      "urls": "https://opengameart.org/content/lpc-white-beard",
      "notes": "Original by Nemisys, repositioning by JaidynReiman."
    },
    {
      "fileName": "hair/plain/adult/blonde.png",
      "licenses": "OGA-BY 3.0,CC-BY-SA 3.0,GPL 3.0",
      "authors": "JaidynReiman,Manuel Riecke (MrBeast),Joe White",
      "urls": "https://opengameart.org/content/liberated-pixel-cup-lpc-base-assets-sprites-map-tiles,https://opengameart.org/content/ponytail-and-plain-hairstyles,https://opengameart.org/content/lpc-expanded-hair",
      "notes": ""
    },
    {
      "fileName": "torso/aprons/overalls/male/black.png",
      "licenses": "OGA-BY 3.0,GPL 3.0",
      "authors": "ElizaWy,bluecarrot16,JaidynReiman",
      "urls": "https://opengameart.org/content/lpc-revised-character-basics,http://opengameart.org/content/lpc-clothing-updates",
      "notes": "original overalls by ElizaWy, extended to all animation frames, adapted from teen to male base, and edited for v3 bases by bluecarrot16; extended to combat animations by JaidynReiman"
    },
    {
      "fileName": "feet/shoes/basic/male/black.png",
      "licenses": "OGA-BY 3.0,CC-BY-SA 3.0,GPL 3.0",
      "authors": "JaidynReiman,bluecarrot16,Johannes Sjölund (wulax)",
      "urls": "https://opengameart.org/content/lpc-medieval-fantasy-character-sprites,http://opengameart.org/content/lpc-clothing-updates,https://opengameart.org/content/lpc-expanded-socks-shoes",
      "notes": "original by wulax, edited for v3 base by bluecarrot16, Jump/Sit/Emote/Run/Revised Combat by JaidynReiman"
    },
    {
      "fileName": "tools/smash/universal/male/axe.png",
      "licenses": "CC-BY-SA 3.0",
      "authors": "bluecarrot16,Pierre Vigier (pvigier),Tuomo Untinen (reemax),Johannes Sjölund (wulax),and Inboxninja",
      "urls": "https://opengameart.org/content/lpc-hand-tools",
      "notes": ""
    },
    {
      "fileName": "tools/smash/background/axe.png",
      "licenses": "CC-BY-SA 3.0",
      "authors": "bluecarrot16,Pierre Vigier (pvigier),Tuomo Untinen (reemax),Johannes Sjölund (wulax),and Inboxninja",
      "urls": "https://opengameart.org/content/lpc-hand-tools",
      "notes": ""
    },
    {
      "fileName": "tools/smash/foreground/axe.png",
      "licenses": "CC-BY-SA 3.0",
      "authors": "bluecarrot16,Pierre Vigier (pvigier),Tuomo Untinen (reemax),Johannes Sjölund (wulax),and Inboxninja",
      "urls": "https://opengameart.org/content/lpc-hand-tools",
      "notes": ""
    }
  ],
  "layers": [
    {
      "fileName": "shadow/adult/shadow.png",
      "zPos": 0,
      "parentName": "shadow",
      "name": "Shadow",
      "variant": "shadow",
      "supportedAnimations": "spellcast,thrust,walk,slash,shoot,hurt,watering"
    },
    {
      "fileName": "tools/smash/background/axe.png",
      "zPos": 9,
      "custom_animation": "slash_128",
      "parentName": "weapon",
      "name": "Smash",
      "variant": "axe",
      "supportedAnimations": "spellcast,thrust,walk,slash,shoot,hurt,watering"
    },
    {
      "fileName": "body/bodies/male/light.png",
      "zPos": 10,
      "parentName": "body",
      "name": "Body_color",
      "variant": "light",
      "supportedAnimations": "spellcast,thrust,walk,slash,shoot,hurt,watering,idle,jump,run,sit,emote,climb,combat,1h_slash,1h_backslash,1h_halfslash"
    },
    {
      "fileName": "feet/shoes/basic/male/black.png",
      "zPos": 15,
      "parentName": "shoes",
      "name": "Basic_Shoes",
      "variant": "black",
      "supportedAnimations": "spellcast,thrust,walk,slash,shoot,hurt,watering,idle,jump,run,sit,emote,climb,combat,1h_slash,1h_backslash,1h_halfslash"
    },
    {
      "fileName": "torso/aprons/overalls/male/black.png",
      "zPos": 38,
      "parentName": "overalls",
      "name": "Overalls",
      "variant": "black",
      "supportedAnimations": "spellcast,thrust,walk,slash,shoot,hurt,watering,idle,jump,run,sit,emote,climb,combat,1h_slash,1h_backslash,1h_halfslash"
    },
    {
      "fileName": "head/heads/human/male/light.png",
      "zPos": 100,
      "parentName": "head",
      "name": "Human_male",
      "variant": "light",
      "supportedAnimations": "spellcast,thrust,walk,slash,shoot,hurt,watering,idle,jump,run,sit,emote,climb,combat,1h_slash,1h_backslash,1h_halfslash"
    },
    {
      "fileName": "beards/beard/basic/blonde.png",
      "zPos": 110,
      "parentName": "beard",
      "name": "Basic_Beard",
      "variant": "blonde",
      "supportedAnimations": "spellcast,thrust,walk,slash,shoot,hurt,watering,idle,jump,run,sit,emote,climb,combat,1h_slash,1h_backslash,1h_halfslash"
    },
    {
      "fileName": "hair/plain/adult/blonde.png",
      "zPos": 120,
      "parentName": "hair",
      "name": "Plain",
      "variant": "blonde",
      "supportedAnimations": "spellcast,thrust,walk,slash,shoot,hurt,watering,idle,jump,run,sit,emote,climb,combat,1h_slash,1h_backslash,1h_halfslash"
    },
    {
      "fileName": "tools/smash/universal/male/axe.png",
      "zPos": 140,
      "parentName": "weapon",
      "name": "Smash",
      "variant": "axe",
      "supportedAnimations": "spellcast,thrust,walk,slash,shoot,hurt,watering"
    },
    {
      "fileName": "tools/smash/foreground/axe.png",
      "zPos": 150,
      "custom_animation": "slash_128",
      "parentName": "weapon",
      "name": "Smash",
      "variant": "axe",
      "supportedAnimations": "spellcast,thrust,walk,slash,shoot,hurt,watering"
    }
  ]
}